7020A, 9457, 110.4416183420681, 39.058759286325206, 0.0009354625290269207, 0.00250307493436841, 110.434112728028, 39.050845670327, 110.444769762041, 39.0625270201584
7020B, 8917, 110.44156706576653, 39.05903214736894, 0.0009264118034097527, 0.002458635715659801, 110.437733208862, 39.0508497802929, 110.444414123102, 39.0627785095998
7011B, 6411, 110.4414759211448, 39.059400966844805, 0.0007523145362111749, 0.001562417683735266, 110.440411460352, 39.0510149956933, 110.444475355821, 39.0625981801396
7099B, 2, 110.4406114468745, 39.055879320837846, 0.0032898803684986433, 0.002278853213351084, 110.437321566506, 39.0536004676245, 110.443901327243, 39.0581581740512
92A, 1391, 110.43980306162896, 39.06428420872545, 0.0004920609039018753, 0.0002815730398801047, 110.438829322122, 39.06406424089, 110.440132718393, 39.0649356977189
92B, 554, 110.44003149057804, 39.06440789633728, 2.173299885582448e-05, 1.876892749717857e-05, 110.439979111151, 39.0643548637224, 110.440121961223, 39.0644515151749
29B, 1528, 110.4408585213255, 39.05989363009089, 0.000596580832164185, 0.0011841761984730578, 110.440154663207, 39.0571720063653, 110.442524708155, 39.0638981386089
29A, 1494, 110.44098070609536, 39.05965265651834, 0.0006299162900437362, 0.0012256629955423452, 110.44018860802, 39.0569328714907, 110.442649094859, 39.0636331811009
7016A, 8157, 110.4418682940114, 39.058465940324496, 0.0011822490615855683, 0.00264816358147759, 110.434419380073, 39.0508751366382, 110.444347662967, 39.0626616725373
7016B, 8078, 110.44189324797453, 39.05843011280473, 0.0011200139732800614, 0.002518574815770575, 110.438579391847, 39.0508719007361, 110.444524454877, 39.0626482279692
526B, 700, 110.44045740658926, 39.061328105626615, 0.0007552895194114177, 0.0015638295052583765, 110.43914364222, 39.0601984066895, 110.440995703656, 39.0640398147552
526A, 1006, 110.44126240596749, 39.05975253511272, 0.0011719177840667705, 0.002635344785867042, 110.440503251357, 39.0525867835993, 110.444484354589, 39.062391877084
5A, 6684, 110.44201922937262, 39.05806433648384, 0.0013213768259222817, 0.0030585637295369628, 110.44043579853, 39.050849934674, 110.444399880648, 39.0626810575451
665B, 120, 110.44110339981003, 39.05554769921412, 0.002979831700944253, 0.0024410067653928094, 110.434020899325, 39.050873485006, 110.444707341489, 39.0587642405801
665A, 1, 110.436702828994, 39.0582014249973, 0.0, 0.0, 110.436702828994, 39.0582014249973, 110.436702828994, 39.0582014249973
5B, 6472, 110.44204167839725, 39.057901835995374, 0.0012524364435873515, 0.0030042012273429133, 110.440473094165, 39.0508459208409, 110.444338508875, 39.0623748077738
26B, 6238, 110.44135074591364, 39.059539927746094, 0.0009781813877802463, 0.002418324082700176, 110.440354071112, 39.0519317948874, 110.444393490838, 39.0629299572349
7025B, 78, 110.44067225952502, 39.05593235905078, 0.0032672610485862856, 0.0024223673927315226, 110.433967316041, 39.0508654088017, 110.444182098223, 39.0588202912734
7025A, 7, 110.44141032368385, 39.05547345752207, 0.0028353383755201655, 0.002432753887098427, 110.437828520777, 39.051488624194, 110.443984257467, 39.0580939878703
7116B, 9912, 110.44068227344283, 39.06037138054265, 0.0009202625729486992, 0.001562814088630682, 110.439692213666, 39.054216621114, 110.444073842268, 39.0629994682913
7116A, 9236, 110.44086158323891, 39.060274795721014, 0.0009335119034908287, 0.0016425251602058808, 110.439292107984, 39.0521025242901, 110.444237304398, 39.063395825685
7100A, 2593, 110.44003130422958, 39.06223848680536, 0.0014289166298983283, 0.0030119384435417563, 110.438837124048, 39.0508427037616, 110.444437320329, 39.064401342256
7035B, 15, 110.44027132825907, 39.056437407363525, 0.003065639808982865, 0.0014479749487171657, 110.434116143877, 39.0519694117436, 110.44393781824, 39.0580704970336
7037A, 4700, 110.44135132250346, 39.05969448556496, 0.0009679835638828338, 0.002273109356383268, 110.438538818469, 39.0508856154465, 110.444932196474, 39.0652116128009
7037B, 5587, 110.44156132692689, 39.059164306812875, 0.0011115974730709175, 0.002684039944630623, 110.437769266144, 39.0508402479729, 110.444413416786, 39.0648760629197
7110A, 2655, 110.44141560685233, 39.058864836852706, 0.0014219794945525643, 0.0027227583866005, 110.44024110784, 39.0508465715129, 110.444476547998, 39.0610673100359
34A, 8323, 110.44152833920026, 39.05920332505743, 0.0009597422723972862, 0.0020321864231062207, 110.434050647445, 39.0508337124941, 110.444366483492, 39.0630294132564
34B, 8097, 110.44161907773331, 39.058972831819254, 0.0009104611321106772, 0.001974948619436584, 110.433975587574, 39.0508408196666, 110.44435781171, 39.0627380040091
13B, 6341, 110.43986372369882, 39.06402181204806, 0.00043319983246489866, 0.0012726407172712715, 110.439232874256, 39.055596216457, 110.443409623075, 39.0650305689854
28A, 2, 110.4418904791635, 39.0552204745001, 0.0024205447264975533, 0.002648090341001108, 110.439469934437, 39.0525723841591, 110.44431102389, 39.0578685648411
7035A, 215, 110.43932024545583, 39.05700611963586, 0.003286689611847201, 0.0019358575184424364, 110.435067356134, 39.0508447450702, 110.445404544186, 39.0582979539752
657B, 8235, 110.44151136705901, 39.05933771947005, 0.0006570419831414198, 0.001661666756925405, 110.436503770459, 39.0508684301784, 110.444328514273, 39.062419113579
6202A, 1, 110.445289500387, 39.0542596401918, 0.0, 0.0, 110.445289500387, 39.0542596401918, 110.445289500387, 39.0542596401918
7126B, 75, 110.44428618627283, 39.052766187633544, 0.00011234695303831572, 0.0010557471837435368, 110.444253645772, 39.0525461147354, 110.444990424552, 39.0591395822509
7011A, 5750, 110.44117362041837, 39.060073042198944, 0.00033117983114347053, 0.0008070279617492552, 110.44009632172, 39.0561381391998, 110.443153901095, 39.0629552171749
527B, 1326, 110.44105584716321, 39.06002387659364, 0.00034629782147377276, 0.0006810757328019753, 110.440932310203, 39.0567719994284, 110.442713257775, 39.0602075291398
7118A, 1, 110.440502820739, 39.0572248651583, 0.0, 0.0, 110.440502820739, 39.0572248651583, 110.440502820739, 39.0572248651583
1154B, 1, 110.439152056108, 39.0575521438872, 0.0, 0.0, 110.439152056108, 39.0575521438872, 110.439152056108, 39.0575521438872
7127B, 92, 110.44422531528465, 39.05221581302077, 8.31738561079478e-05, 0.00023377501643660357, 110.443982219417, 39.0516654269712, 110.444459686954, 39.0526768181283
13A, 10106, 110.43975285252004, 39.06440631193956, 0.00025989524488759106, 0.0008596423529172481, 110.439335042139, 39.0566279058506, 110.442869183771, 39.0653990436759
653A, 6386, 110.44102162512743, 39.06041834219752, 0.0010587904368259853, 0.00266006541820833, 110.439555378765, 39.0508492307054, 110.444665208094, 39.0652526940037
7091A, 1, 110.443671281242, 39.0509974761181, 0.0, 0.0, 110.443671281242, 39.0509974761181, 110.443671281242, 39.0509974761181
7036B, 520, 110.44383058873137, 39.05331493635508, 0.0017773587451846568, 0.0017215240357468216, 110.433981942683, 39.0509616710242, 110.446098103866, 39.05868622966
7036A, 506, 110.44371193201424, 39.05323590556346, 0.0018735644062724513, 0.0016096954527413285, 110.434041817185, 39.050857301759, 110.445613485463, 39.0583874102212
7127A, 65, 110.44422527385304, 39.05230895998766, 0.00022104731527457813, 0.00046892103843604506, 110.442464047872, 39.0521341750064, 110.444344053964, 39.0560384980352
7117A, 309, 110.44386872609645, 39.05242120298929, 0.0007765452623473436, 0.0014124973685767032, 110.438975468423, 39.050843104243, 110.444279967444, 39.0576497729442
130A, 12150, 110.44159834670911, 39.05918017922553, 0.0007942432444101778, 0.001848495468667721, 110.433938064747, 39.050841128686, 110.444358022744, 39.0626606554015
130B, 10806, 110.4414696957611, 39.05953229632958, 0.0007642077284022077, 0.001665463347221269, 110.433963306561, 39.0508992691308, 110.444357202435, 39.0629266829845
7117B, 1, 110.444410527861, 39.0524591015875, 0.0, 0.0, 110.444410527861, 39.0524591015875, 110.444410527861, 39.0524591015875
76B, 4, 110.442760816388, 39.0553847568261, 0.0012679634636763007, 0.0037724405077598534, 110.44148030142, 39.0512212922663, 110.444171724718, 39.0593114774365
76A, 10984, 110.44138971205663, 39.05957495286321, 0.0009040813757339809, 0.001915792893882516, 110.434008523211, 39.0508621656492, 110.444396381411, 39.0629200178485
1096B, 3, 110.444268703091, 39.0530381845326, 0.00042164591687059605, 0.0011267124955526757, 110.4439539488, 39.0521231037886, 110.444864686234, 39.0546254115848
7088B, 52, 110.44250538235512, 39.05472229452143, 0.0009873432028807388, 0.0020725365396142676, 110.441031000107, 39.0509099131659, 110.444278740744, 39.056839887905
1096A, 1, 110.443153949424, 39.0549824142278, 0.0, 0.0, 110.443153949424, 39.0549824142278, 110.443153949424, 39.0549824142278
89B, 2548, 110.4419164107993, 39.05789268256326, 0.0015579213808588894, 0.002691584375882782, 110.440320140903, 39.0508427123566, 110.444393527874, 39.0603526236535
7109B, 48, 110.4431182045485, 39.05426138767073, 0.0012985475257209743, 0.002028934407971503, 110.436091141816, 39.0512624307475, 110.444052904987, 39.0582401357418
6211B, 1, 110.442307119177, 39.0559094791787, 0.0, 0.0, 110.442307119177, 39.0559094791787, 110.442307119177, 39.0559094791787
6211A, 1, 110.439601705645, 39.0578578463571, 0.0, 0.0, 110.439601705645, 39.0578578463571, 110.439601705645, 39.0578578463571
90A, 2569, 110.44189357190382, 39.057932672899604, 0.0015531398077800068, 0.0026843075827182182, 110.440334358135, 39.0508645412001, 110.44438291457, 39.0603781575227
78A, 4783, 110.44120673615615, 39.060159686848195, 0.0005447304834606089, 0.0013454451122151055, 110.439144754682, 39.0519484086949, 110.444162406003, 39.0640149882202
84A, 5222, 110.44144762918904, 39.05933645481241, 0.0007980971119322019, 0.0017097739889311242, 110.440440986101, 39.0516956900357, 110.444420303506, 39.062550096918
164B, 14199, 110.44151577673965, 39.05934125330523, 0.0008225111437107144, 0.001930692253721496, 110.433934651755, 39.050833470429, 110.444419985697, 39.0629838498102
524A, 105, 110.44413523990049, 39.052014523229694, 0.00013215036400620673, 0.0003450803271667056, 110.443714346193, 39.0509769483267, 110.444235976256, 39.0523265752792
7014B, 11897, 110.44161788439156, 39.05900319905228, 0.0008076881686740465, 0.0018075494697634927, 110.440406570601, 39.0508725285979, 110.444396696873, 39.0628472072366
7014A, 11989, 110.44174636221281, 39.05875181547478, 0.0008491504255933608, 0.0019117260797275716, 110.440464150853, 39.0508382632355, 110.444372350162, 39.0626457272945
24A, 95784, 110.44053947949517, 39.06014755468139, 0.00014671790197994658, 0.00020441523735135415, 110.440415617089, 39.0574982907592, 110.442351916979, 39.060312583857
24B, 95693, 110.4404273409488, 39.06041068037431, 0.00013949135044261505, 0.00020665186149494745, 110.440292245567, 39.0577423841298, 110.442212317523, 39.0605588138606
10B, 6437, 110.4417186436125, 39.058975671729094, 0.0005996532221521256, 0.0014501908211048977, 110.440413658382, 39.0508417144636, 110.444364050272, 39.0626668938518
10A, 6091, 110.44182646310146, 39.05870302147029, 0.0005638001137405714, 0.0013898704779959645, 110.440443539282, 39.0508784444731, 110.444272035766, 39.0623873195818
658B, 8782, 110.44137336296383, 39.059648115646795, 0.0007142241738758376, 0.0016103655489950602, 110.434026463373, 39.0508817737019, 110.444379051265, 39.0626922164162
658A, 7686, 110.44121369184107, 39.060058288073535, 0.0005776995367151212, 0.0012636892645955433, 110.433932868477, 39.0509087762887, 110.444394661726, 39.0629622098571
7041A, 2, 110.4440648946165, 39.051824173188805, 3.725334750015463e-05, 1.9367502698486305e-05, 110.444027641269, 39.0518048056861, 110.444102147964, 39.0518435406915
7094B, 31, 110.44517721588132, 39.052628617692356, 0.0016277022322129019, 0.0013552328763484422, 110.439868117726, 39.0508908660732, 110.447706416447, 39.0580505381876
7041B, 81, 110.44108619902313, 39.05593057814512, 0.0031147892982546755, 0.002042009057727781, 110.434030084104, 39.052338543027, 110.444580115908, 39.058323749422
7031B, 13, 110.43950913237853, 39.05736390060144, 0.0019294177029488028, 0.0007383341144983004, 110.436567201449, 39.0558709979281, 110.442383668321, 39.0583091744605
30B, 3655, 110.44106754516613, 39.0592992609467, 0.0003817389298836134, 0.0007096836332954421, 110.44027208462, 39.0566511047101, 110.442802844405, 39.063358356655
7031A, 18, 110.43779967961926, 39.05748772351509, 0.0031514389389962405, 0.0014735042314907177, 110.434033168361, 39.0539797435517, 110.443725036688, 39.0583502395433
7114A, 1, 110.440531438935, 39.057627247534, 0.0, 0.0, 110.440531438935, 39.057627247534, 110.440531438935, 39.057627247534
91B, 4230, 110.43988687606684, 39.064238541728976, 0.0004491131356814272, 0.00028426186925486184, 110.438784685539, 39.0640260605794, 110.440242006412, 39.0649727668264
83B, 3984, 110.44121911953712, 39.05980028388969, 0.0006477859495417053, 0.0015091347836327282, 110.44091579244, 39.0508336890464, 110.444477168332, 39.060506235316
6212A, 63, 110.44052414256251, 39.056109632324386, 0.0032368933974554403, 0.0022503108641875815, 110.433904805133, 39.0510394673622, 110.444143554038, 39.0583641197018
651B, 173, 110.4426324017893, 39.05349024298857, 0.0027890854411187953, 0.0024742433298009753, 110.434040875607, 39.050836120944, 110.444218070276, 39.0580755298226
7124A, 1, 110.436551173333, 39.0582627049935, 0.0, 0.0, 110.436551173333, 39.0582627049935, 110.436551173333, 39.0582627049935
7017B, 8423, 110.44167467404512, 39.05881438619974, 0.0012679716996347042, 0.0028723225959722087, 110.437609688708, 39.0508561038903, 110.444486989882, 39.063046384915
670A, 1, 110.440412139769, 39.0576744198315, 0.0, 0.0, 110.440412139769, 39.0576744198315, 110.440412139769, 39.0576744198315
6199B, 1, 110.44425608797, 39.0521381777073, 0.0, 0.0, 110.44425608797, 39.0521381777073, 110.44425608797, 39.0521381777073
7115B, 1, 110.440078751966, 39.0573050936028, 0.0, 0.0, 110.440078751966, 39.0573050936028, 110.440078751966, 39.0573050936028
7026B, 34, 110.43997148830864, 39.056691751540804, 0.0033114544487284204, 0.0021043806077580473, 110.434209479549, 39.0512777709316, 110.44439962762, 39.0588651118031
7026A, 1, 110.440843342897, 39.0573984670683, 0.0, 0.0, 110.440843342897, 39.0573984670683, 110.440843342897, 39.0573984670683
7101B, 2, 110.4391642672305, 39.057752827684354, 0.00015561790250018248, 7.110749414707129e-05, 110.439008649328, 39.0576817201902, 110.439319885133, 39.0578239351785
31B, 11067, 110.44153747675408, 39.05939670979467, 0.0006304727158427203, 0.0014684861317682588, 110.440430531067, 39.050847263206, 110.444323342539, 39.0624192335142
31A, 11169, 110.44148364585698, 39.059594943654346, 0.0006894257020349698, 0.0016235084111426534, 110.440415600998, 39.0508477390867, 110.444378440643, 39.0626889837112
7030B, 1, 110.438484706642, 39.0580802671778, 0.0, 0.0, 110.438484706642, 39.0580802671778, 110.438484706642, 39.0580802671778
19A, 5490, 110.44158344132845, 39.05937303664971, 0.0006839305456422946, 0.0015861569287366668, 110.440417112084, 39.0508335108261, 110.444359892793, 39.0627155103004
19B, 922, 110.44243591410091, 39.05741978508896, 0.0008218788910583575, 0.0017029175727841643, 110.441961617685, 39.0520337698449, 110.444262008992, 39.0583356698023
7089A, 2, 110.441074661422, 39.055666189313996, 0.0027606847359962217, 0.0024334190989030446, 110.438313976686, 39.0532327702151, 110.443835346158, 39.0580996084129
7103B, 1, 110.443899903958, 39.0513513240441, 0.0, 0.0, 110.443899903958, 39.0513513240441, 110.443899903958, 39.0513513240441
7012B, 7185, 110.44152707574169, 39.05924433013076, 0.0008436976697593336, 0.0018986527700265846, 110.439805796299, 39.0523310752813, 110.444404229617, 39.064046201851
162A, 655, 110.44025548900738, 39.06268693316074, 0.00040365446440606133, 0.0011642056312428622, 110.439458582176, 39.0609028429637, 110.440744276206, 39.0644694012379
756B, 804, 110.44415560134166, 39.05497541613086, 0.002134507974046674, 0.002488021826936695, 110.43409987939, 39.0508382233762, 110.447026367077, 39.0591015845648
6217A, 1, 110.439471213498, 39.0575760461869, 0.0, 0.0, 110.439471213498, 39.0575760461869, 110.439471213498, 39.0575760461869
652A, 3761, 110.4411780631597, 39.05979999856093, 0.0005712502522059355, 0.0015087601230055739, 110.439941134785, 39.0516183515664, 110.44438309291, 39.0641442236852
159A, 564, 110.44078434744524, 39.06116505545623, 0.000456081343944183, 0.0015756463846287884, 110.440126298721, 39.0574906754616, 110.442191346828, 39.0635893949573
159B, 691, 110.4407998904758, 39.06117827025469, 0.0005150862127709279, 0.00170882964213155, 110.440083853379, 39.0577260424195, 110.44220025041, 39.0638515932636
9A, 4846, 110.44163551099221, 39.05904026318774, 0.0007877773739405755, 0.001998567199895827, 110.440404714749, 39.0508364992558, 110.444361795697, 39.0626976049077
9B, 4258, 110.4413967068793, 39.05965149680497, 0.0004979910001677239, 0.0012746219416780108, 110.44032686364, 39.0519621460503, 110.444353066868, 39.0629583439364
75A, 8846, 110.44122367642557, 39.059889011986996, 0.0005277207461877552, 0.001210468882554825, 110.434571386856, 39.0508438058217, 110.444336381887, 39.0626488810941
7128B, 124, 110.44449036218799, 39.05325891138474, 0.0006516644021433406, 0.0009138857620192419, 110.437896235696, 39.0512916342477, 110.445180254075, 39.0582105261476
7128A, 177, 110.44460942515465, 39.05706588097221, 0.0006470453734286574, 0.0026012618199015643, 110.437937870033, 39.0520924088944, 110.445905927887, 39.0591318486148
121A, 6150, 110.44186541220142, 39.05863342131284, 0.0012203923251150278, 0.0031014700907250193, 110.440313188485, 39.0508337207913, 110.444691152474, 39.0635039436813
837A, 3828, 110.44093705930906, 39.06075831439093, 0.001177863890593504, 0.003257622870285438, 110.439600820212, 39.0508607582471, 110.444675671103, 39.0644834877286
7023A, 184, 110.44185565012563, 39.05542620080641, 0.002857764861809501, 0.0023003490425628297, 110.43403204924, 39.0508415445985, 110.444820716036, 39.0583813109577
7027A, 320, 110.44038932991012, 39.057026447733975, 0.0014360793137543812, 0.0011319753857200344, 110.436183818066, 39.0516625106256, 110.44395573704, 39.0594515232431
75B, 10719, 110.44155278062874, 39.059080672627644, 0.0008776127884604723, 0.0018473257075247386, 110.43405593022, 39.050881967639, 110.44428882432, 39.0623576064966
73A, 120, 110.44416260218344, 39.052499818230196, 0.0009079586568339389, 0.0005434577082596119, 110.434261023331, 39.0519699768464, 110.444304559357, 39.0583594587567
18A, 5713, 110.44138045860193, 39.05954381733915, 0.0007311215778106054, 0.0016312251364526166, 110.440396784547, 39.0508950973046, 110.444354865611, 39.0627432145584
7102A, 162, 110.4440164379168, 39.05253081064012, 0.0006028101184855918, 0.001430700070068158, 110.436637158, 39.0509046544562, 110.444187056304, 39.0578754353489
27A, 222, 110.44426812636247, 39.0529889231174, 0.00017243704297936494, 0.00027307055038041115, 110.441751672842, 39.0525900761371, 110.444332737991, 39.0568031824358
163A, 5684, 110.44176611166533, 39.05865011516135, 0.0007791892113319427, 0.001959528711431053, 110.440504493541, 39.0508699130477, 110.444368355946, 39.0624685420768
163B, 14402, 110.44167862597858, 39.05891132378609, 0.0009047853273975227, 0.0021992542942811263, 110.434164226032, 39.0508394738178, 110.444396899104, 39.0627146309186
7015A, 8325, 110.44171163596596, 39.05875610135561, 0.0012042365829218378, 0.0025803107344842383, 110.434136168412, 39.0508954788602, 110.444346852027, 39.062587118388
7015B, 8240, 110.4417306417647, 39.05869889736298, 0.0011637387335651222, 0.002516339697185564, 110.433909773778, 39.0508379206902, 110.444972735314, 39.0625288737623
6210A, 64, 110.440503012364, 39.05609159059914, 0.0032943775351090667, 0.0023066414951343154, 110.434050215619, 39.0510106942624, 110.444140301372, 39.0583788559121
6210B, 63, 110.44065263132703, 39.05589647125732, 0.003255280161652192, 0.0024413492110417962, 110.434024669816, 39.0508513291366, 110.444125068815, 39.0583458016994
90B, 1989, 110.44161212924728, 39.058494690129514, 0.00159962132499654, 0.002690552277209095, 110.440218712014, 39.0525455909109, 110.444374032022, 39.0606373958471
653B, 3232, 110.44080763953653, 39.060763093090785, 0.0007182781339462325, 0.0018449778056731773, 110.43966935165, 39.0524816665507, 110.444403665245, 39.0644690603571
6A, 7037, 110.4420356408082, 39.057998363498356, 0.0013294888005220677, 0.0030967967980582807, 110.440411071863, 39.0508394693318, 110.444378815119, 39.062668510855
19, 1, 110.440535334716, 39.0577437290999, 0.0, 0.0, 110.440535334716, 39.0577437290999, 110.440535334716, 39.0577437290999
25A, 6924, 110.44149578710773, 39.05911222204727, 0.0009899248765726594, 0.0025767645426240954, 110.440430097632, 39.0508768244844, 110.444362950193, 39.0627812198518
17B, 5374, 110.44118126391977, 39.06000279224646, 0.0005759483056305773, 0.0012716649669058412, 110.440332163296, 39.0548215354072, 110.443826259976, 39.0630386649533
17A, 5910, 110.44143442024273, 39.059378800475415, 0.0008223427867863731, 0.0018775173718030384, 110.440394545028, 39.0508499649443, 110.444347426983, 39.0627516073655
7095A, 9160, 110.44065915618378, 39.06022326761526, 0.0006085328041724442, 0.0010046594909471451, 110.4402335131, 39.0564708269025, 110.442903819155, 39.0607326230745
7095B, 3979, 110.44094491926526, 39.05974357048659, 0.0009043226951845545, 0.0014982017526079601, 110.440168388706, 39.0566917623904, 110.442793548308, 39.0608853561026
7038B, 616, 110.4438025254282, 39.05347306524854, 0.0016995934038929563, 0.0013358020511177963, 110.434012755988, 39.0512227315265, 110.445184979863, 39.0583912219542
122B, 2353, 110.44239078106361, 39.05708123158596, 0.0013679620803433866, 0.0036028919159141314, 110.440346346554, 39.050858702689, 110.444869553285, 39.062842954587
122A, 6877, 110.44168984566463, 39.058981225246235, 0.0010867661435588272, 0.0028165612603456357, 110.440142764768, 39.0508456206337, 110.444428787372, 39.0634617041414
33A, 7928, 110.44164137966071, 39.0589805441961, 0.0009067617682189758, 0.0019909338020436883, 110.4341092041, 39.0508436598108, 110.444367805199, 39.0627229970249
33B, 6752, 110.44161393134628, 39.05896262843557, 0.000778578989206623, 0.0015783663560386488, 110.434025935015, 39.0509341531804, 110.444295101805, 39.0624560632281
7111B, 1905, 110.44139768441185, 39.059533359062314, 0.0012095486423619336, 0.0030325884011040216, 110.440337061779, 39.0508335310002, 110.444912113172, 39.0637100276193
25B, 6653, 110.4415400171226, 39.05894252488215, 0.0009002678278332441, 0.0024444922057382974, 110.440469095481, 39.0513367073873, 110.444285221218, 39.0623496497273
7010B, 1, 110.440857259807, 39.0596850959716, 0.0, 0.0, 110.440857259807, 39.0596850959716, 110.440857259807, 39.0596850959716
73B, 162, 110.44411793523876, 39.05201222481862, 0.00010758519932871126, 0.0003542451761577379, 110.44373251037, 39.0508448778767, 110.444193542051, 39.0522110859377
7121A, 1, 110.445401563785, 39.0571818848781, 0.0, 0.0, 110.445401563785, 39.0571818848781, 110.445401563785, 39.0571818848781
7121B, 1, 110.440734452253, 39.0558941774658, 0.0, 0.0, 110.440734452253, 39.0558941774658, 110.440734452253, 39.0558941774658
646B, 1, 110.439941748768, 39.057849401375, 0.0, 0.0, 110.439941748768, 39.057849401375, 110.439941748768, 39.057849401375
160B, 1525, 110.44040793869353, 39.06246108387769, 0.0005054159223051947, 0.00178993177601258, 110.43999143292, 39.0577254638019, 110.442166421429, 39.0638708722973
7090B, 38, 110.43817652454737, 39.0579843332255, 0.0008549630136404683, 0.0011203885041531053, 110.438005103648, 39.0511694681418, 110.443376267602, 39.0581773825918
7090A, 177, 110.43973906655492, 39.05708164857586, 0.0023500794886882888, 0.0017719725937813847, 110.437625448681, 39.0517012461638, 110.444139280086, 39.0581741656792
1155B, 1, 110.443649564612, 39.053907984086, 0.0, 0.0, 110.443649564612, 39.053907984086, 110.443649564612, 39.053907984086
573A, 1, 110.438184034869, 39.0580819914395, 0.0, 0.0, 110.438184034869, 39.0580819914395, 110.438184034869, 39.0580819914395
7018B, 8473, 110.44132686298002, 39.05948040551974, 0.0009185770791726723, 0.0023887321266867346, 110.437248130229, 39.0516754680607, 110.444756319925, 39.0629921307652
74B, 136, 110.44414209987765, 39.05211555898192, 0.0003165925797439299, 0.0005414899806446698, 110.44063077502, 39.0508366625506, 110.444241320074, 39.0574681684463
89A, 1920, 110.44188770176883, 39.05786511575162, 0.0016064528786644747, 0.0027094143096931117, 110.440456609303, 39.0519741393983, 110.44425692112, 39.0600820760787
7106A, 2, 110.44188686622101, 39.05622561311595, 0.0018977753899989125, 0.0012562932380504321, 110.439989090831, 39.0549693198779, 110.443784641611, 39.057481906354
20B, 5453, 110.44144429479911, 39.05968799220095, 0.000578388473723455, 0.0013539180262317012, 110.44035792495, 39.0521695079674, 110.444357773814, 39.0629856411445
77A, 2655, 110.44124892702152, 39.060091158872915, 0.0005485431614504913, 0.0014044348681252015, 110.439825030098, 39.0540832027003, 110.444124278849, 39.0644982031252
77B, 4228, 110.44136820125883, 39.05970655547806, 0.0004421741769606792, 0.0011350315837375636, 110.439939716255, 39.0549988386142, 110.443646279686, 39.0641426827871
7105B, 3115, 110.44039121980526, 39.06062557853145, 0.00026741652524542954, 0.0004669482980511841, 110.440080068417, 39.0581815434456, 110.441871624415, 39.0613571614207
7108A, 40, 110.43819133248913, 39.05796015055713, 0.002486651087434741, 0.00034815313416029835, 110.433951753112, 39.0571773704127, 110.442239869982, 39.0583872467584
7019A, 8912, 110.44153820131444, 39.058953469797515, 0.0008992275741332902, 0.002448923348992415, 110.434082918059, 39.0508399701903, 110.444445691073, 39.06255515411
7019B, 8747, 110.44144528411405, 39.05915438103454, 0.0009087138386379134, 0.002467623520332305, 110.44040375331, 39.0508656794359, 110.444474571602, 39.0627416939951
32B, 12718, 110.44147814563374, 39.059507036898516, 0.0007397952342695143, 0.0017479007617522795, 110.440329938004, 39.0508615093012, 110.44458989424, 39.0628676308615
7033A, 2, 110.435994597757, 39.057927787972446, 0.0019574516520037832, 0.000136910039248761, 110.434037146105, 39.0577908779332, 110.437952049409, 39.0580646980117
7033B, 213, 110.44152219305022, 39.05762998727919, 0.0035865627007967095, 0.0017551258905038317, 110.434010918027, 39.0508398805294, 110.447454877148, 39.0586548975047
7088A, 1, 110.444291164873, 39.0522355089349, 0.0, 0.0, 110.444291164873, 39.0522355089349, 110.444291164873, 39.0522355089349
14A, 576, 110.44081800329224, 39.06104015075951, 0.0008354799893016044, 0.002556194907635361, 110.439871238152, 39.0559879997248, 110.443197219542, 39.0640850124557
129B, 9921, 110.44151221831035, 39.05934826474244, 0.0005247790950288228, 0.0011968835560216197, 110.433958264108, 39.050929279834, 110.444124773165, 39.0623691981882
7120A, 1, 110.436994778048, 39.0581855185947, 0.0, 0.0, 110.436994778048, 39.0581855185947, 110.436994778048, 39.0581855185947
129A, 12025, 110.44162405652978, 39.05914430794615, 0.0008316417190720999, 0.001873232464969753, 110.433954453093, 39.0508558994211, 110.444379042421, 39.0626385323969
7013B, 14293, 110.44153300123175, 39.05928325514868, 0.0008321067168542311, 0.0019612279879007277, 110.440403358021, 39.0508348080968, 110.444407724507, 39.0628686730414
250B, 6041, 110.44168923535344, 39.058764374082656, 0.0008538267925287814, 0.0022353213036428463, 110.440425526688, 39.0508445258303, 110.444343224563, 39.0623621941577
7030A, 27, 110.44113516102972, 39.056173221677845, 0.0027514628907805735, 0.0017982272016086188, 110.43473775594, 39.0521297740034, 110.443933038143, 39.058596594441
119A, 8690, 110.44158166105859, 39.059023067355426, 0.000937470134383326, 0.0019652121698625485, 110.433908114019, 39.0508445216015, 110.444370760314, 39.0626755499982
828B, 200, 110.44484908980304, 39.05329010493359, 0.00040231252994877035, 0.00037646095158450446, 110.443132990709, 39.0528878007785, 110.445292374948, 39.0559876053003
119B, 7742, 110.44145654008621, 39.05949952930824, 0.0005931849967915306, 0.0013886237312466573, 110.440342902787, 39.0518676560256, 110.444396103759, 39.0629651688075
161B, 662, 110.44042890752405, 39.06216625276855, 0.00033686216319399163, 0.001169562574956725, 110.439835643665, 39.0603642210449, 110.440937927044, 39.0638976002926
79, 12410, 110.44148216629137, 39.05937900962447, 0.0009317774552907569, 0.0021214150261626803, 110.434056713563, 39.0508669812875, 110.444385375019, 39.0627188416489
161A, 662, 110.4403417854204, 39.062436517353724, 0.0003653888318267396, 0.0011815270770429635, 110.439645028751, 39.0606239502064, 110.440840824509, 39.0641793547804
7126A, 252, 110.44197987146364, 39.05588978197303, 0.002897241680829406, 0.002067549966198091, 110.437519804872, 39.0508668900563, 110.445288561922, 39.0582579153206
7101A, 116, 110.44124726792779, 39.0564663810373, 0.002129600828772096, 0.0016261791396934362, 110.437519813004, 39.0533320710128, 110.444353933405, 39.0581233716838
7093A, 61, 110.44345171217692, 39.05404383264273, 0.0009590299460929625, 0.0016855299256081778, 110.438878685204, 39.0509674980077, 110.444035136701, 39.0570904433247
662B, 1, 110.444034349596, 39.0519281389361, 0.0, 0.0, 110.444034349596, 39.0519281389361, 110.444034349596, 39.0519281389361
7583, 2, 110.43859616790749, 39.057387108869605, 0.002398107005497252, 0.0005379934402007791, 110.436198060902, 39.0568491154294, 110.440994274913, 39.0579251023098
836A, 2019, 110.44058373281989, 39.061862662209485, 0.0007812227618355712, 0.002460555251021667, 110.439782127647, 39.0520893510861, 110.444373760953, 39.0644859660823
74A, 141, 110.44408291594705, 39.051826949885594, 7.579542293228712e-05, 0.00021705163863946055, 110.443749279864, 39.050884307145, 110.444154827816, 39.0519607698492
7018A, 9253, 110.44151319431712, 39.0592613598316, 0.0010038872334726871, 0.002478387692882661, 110.439955340471, 39.0508336926575, 110.444685911291, 39.0632222283255
7034A, 57, 110.44135665614412, 39.05606528265783, 0.0025614062235347146, 0.0022124894861368146, 110.436266279832, 39.0509920611884, 110.444342203984, 39.0582179079977
7034B, 20, 110.4420655328289, 39.05541780846256, 0.0016935780457129292, 0.0017487134029577657, 110.438737762682, 39.0520353756779, 110.444070495928, 39.0576968770385
7022B, 25, 110.44160314999189, 39.0555288796351, 0.002467405179321357, 0.002143562482472517, 110.435614903548, 39.0511654449188, 110.444359152091, 39.0580807110126
7022A, 1, 110.434643708685, 39.0583334780679, 0.0, 0.0, 110.434643708685, 39.0583334780679, 110.434643708685, 39.0583334780679
120A, 9270, 110.44154604451683, 39.059222036176095, 0.0008127855546219671, 0.0018977597304206636, 110.434141262874, 39.0508347166873, 110.444384365154, 39.0627036350431
